,state,zipcode,1,2,3,4,5,6,wealth,all,wealthy_prop,latitude,longitude
2252,CA,94105,740.0,680.0,570.0,630.0,2350.0,2920.0,5270.0,7890.0,0.67,37.7864,-122.3892
2225,CA,94022,1620.0,720.0,640.0,540.0,1710.0,4750.0,6460.0,9980.0,0.65,37.3814,-122.1258
24841,VA,22308,940.0,400.0,380.0,410.0,1800.0,2020.0,3820.0,5950.0,0.64,38.7316,-77.0604
2226,CA,94024,1910.0,780.0,710.0,610.0,1870.0,5340.0,7210.0,11220.0,0.64,37.3547,-122.0862
25817,WA,98075,1990.0,860.0,670.0,530.0,2010.0,4810.0,6820.0,10870.0,0.63,47.5857,-122.0345
2330,CA,94563,1510.0,710.0,590.0,560.0,1690.0,4170.0,5860.0,9230.0,0.63,37.8787,-122.1728
24809,VA,22101,2610.0,1060.0,850.0,810.0,2690.0,5930.0,8620.0,13950.0,0.62,38.9326,-77.1706
16937,NY,10514,1080.0,400.0,330.0,270.0,810.0,2600.0,3410.0,5490.0,0.62,41.1705,-73.7715
25816,WA,98074,2220.0,1060.0,870.0,740.0,2690.0,5400.0,8090.0,12980.0,0.62,47.6254,-122.0462
24263,TX,78739,1550.0,660.0,540.0,570.0,2590.0,2830.0,5420.0,8740.0,0.62,30.172,-97.8784
24800,VA,22039,1640.0,680.0,540.0,440.0,2110.0,3320.0,5430.0,8730.0,0.62,38.7602,-77.3064
10455,MD,20816,1380.0,540.0,500.0,430.0,1470.0,3130.0,4600.0,7450.0,0.62,38.9585,-77.1153
3969,FL,32963,1150.0,710.0,630.0,580.0,1780.0,3270.0,5050.0,8120.0,0.62,27.6898,-80.3757
2276,CA,94301,1240.0,720.0,660.0,600.0,1550.0,3440.0,4990.0,8210.0,0.61,37.4443,-122.1497
2289,CA,94506,2140.0,810.0,740.0,700.0,2210.0,4780.0,6990.0,11380.0,0.61,37.8321,-121.9167
2290,CA,94507,1390.0,620.0,530.0,430.0,1320.0,3350.0,4670.0,7640.0,0.61,37.8537,-122.0229
24807,VA,22066,1670.0,620.0,530.0,440.0,1580.0,3500.0,5080.0,8340.0,0.61,39.0039,-77.3083
2423,CA,95030,1120.0,540.0,460.0,430.0,1160.0,2760.0,3920.0,6470.0,0.61,37.2296,-121.9834
2466,CA,95134,1450.0,1500.0,1350.0,1320.0,5000.0,3790.0,8790.0,14410.0,0.61,37.4087,-121.9406
2389,CA,94920,1010.0,520.0,480.0,400.0,1120.0,2670.0,3790.0,6200.0,0.61,37.8843,-122.4637
23369,TX,76092,2800.0,1120.0,760.0,650.0,2270.0,6120.0,8390.0,13720.0,0.61,32.9485,-97.1524
2266,CA,94123,1280.0,1120.0,1400.0,1700.0,4370.0,4310.0,8680.0,14180.0,0.61,37.7999,-122.4342
23647,TX,77005,1880.0,950.0,940.0,650.0,1770.0,5280.0,7050.0,11470.0,0.61,29.7179,-95.4263
2240,CA,94065,880.0,520.0,500.0,460.0,1380.0,2350.0,3730.0,6090.0,0.61,37.5331,-122.2486
23786,TX,77401,1520.0,610.0,560.0,400.0,1170.0,3500.0,4670.0,7760.0,0.6,29.7023,-95.4611
2417,CA,95014,4540.0,2490.0,1970.0,1840.0,5700.0,10560.0,16260.0,27100.0,0.6,37.318000000000005,-122.0449
2440,CA,95070,2900.0,1380.0,1180.0,990.0,2850.0,6930.0,9780.0,16230.0,0.6,37.2713,-122.0227
23070,TX,75225,1780.0,960.0,910.0,710.0,1710.0,4860.0,6570.0,10930.0,0.6,32.8628,-96.7918
2325,CA,94556,1260.0,610.0,520.0,520.0,1550.0,2750.0,4300.0,7210.0,0.6,37.8437,-122.1242
4155,FL,33473,760.0,440.0,430.0,420.0,1550.0,1450.0,3000.0,5050.0,0.59,26.5088,-80.1896
10469,MD,20854,4530.0,1920.0,1520.0,1310.0,4530.0,8960.0,13490.0,22770.0,0.59,39.0388,-77.1922
23802,TX,77441,1770.0,790.0,650.0,640.0,2710.0,2830.0,5540.0,9390.0,0.59,29.7217,-95.8977
24262,TX,78738,2240.0,1250.0,990.0,830.0,2810.0,4510.0,7320.0,12630.0,0.58,30.3337,-97.9824
158,AL,35223,1000.0,510.0,460.0,330.0,1160.0,1990.0,3150.0,5450.0,0.58,33.4995,-86.7268
3548,DC,20015,1290.0,750.0,720.0,560.0,1580.0,2980.0,4560.0,7880.0,0.58,38.9658,-77.068
1204,AZ,85262,1110.0,570.0,510.0,510.0,1580.0,2220.0,3800.0,6500.0,0.58,33.7752,-111.7791
2259,CA,94114,2230.0,1940.0,2110.0,1960.0,5120.0,6120.0,11240.0,19480.0,0.58,37.7587,-122.433
2452,CA,95120,3370.0,1580.0,1410.0,1110.0,3440.0,6970.0,10410.0,17880.0,0.58,37.2144,-121.8574
10456,MD,20817,3370.0,1420.0,1280.0,1020.0,3290.0,6550.0,9840.0,16930.0,0.58,38.9896,-77.1538
2343,CA,94582,3620.0,1790.0,1530.0,1280.0,3880.0,7320.0,11200.0,19420.0,0.58,37.7636,-121.9155
4159,FL,33480,970.0,610.0,500.0,350.0,950.0,2360.0,3310.0,5740.0,0.58,26.7206,-80.0388
12871,MO,63124,1040.0,440.0,380.0,360.0,930.0,2140.0,3070.0,5290.0,0.58,38.6372,-90.3776
2344,CA,94583,3550.0,1960.0,1800.0,1700.0,5010.0,7200.0,12210.0,21220.0,0.58,37.7562,-121.9522
2319,CA,94549,2460.0,1210.0,1130.0,1010.0,2850.0,5200.0,8050.0,13860.0,0.58,37.8961,-122.1119
23333,TX,76034,2420.0,1130.0,910.0,790.0,2810.0,4480.0,7290.0,12540.0,0.58,32.8872,-97.146
12797,MO,63005,1880.0,800.0,600.0,500.0,1900.0,3260.0,5160.0,8940.0,0.58,38.6318,-90.6142
2253,CA,94107,2090.0,2120.0,1870.0,1660.0,4980.0,5300.0,10280.0,18020.0,0.57,37.7621,-122.3971
2378,CA,94708,970.0,630.0,500.0,470.0,1340.0,2050.0,3390.0,5960.0,0.57,37.8918,-122.2604
16974,NY,10583,3620.0,1630.0,1530.0,1280.0,3250.0,7470.0,10720.0,18780.0,0.57,40.9927,-73.7995
2242,CA,94070,2530.0,1530.0,1440.0,1180.0,3120.0,5840.0,8960.0,15640.0,0.57,37.4969,-122.2674
1490,CA,90272,2120.0,950.0,830.0,680.0,1770.0,4200.0,5970.0,10550.0,0.57,34.0481,-118.5265
2284,CA,94404,2670.0,1840.0,1710.0,1550.0,4650.0,5520.0,10170.0,17940.0,0.57,37.5538,-122.27
1491,CA,90274,2450.0,1260.0,1060.0,820.0,2540.0,4790.0,7330.0,12920.0,0.57,33.7669,-118.3806
1207,AZ,85266,1040.0,520.0,440.0,450.0,1420.0,1790.0,3210.0,5660.0,0.57,33.7669,-111.9182
22782,TN,38139,1500.0,620.0,570.0,550.0,1960.0,2310.0,4270.0,7510.0,0.57,35.0874,-89.7703
24830,VA,22207,2600.0,1420.0,1390.0,1020.0,2820.0,5840.0,8660.0,15090.0,0.57,38.9033,-77.1263
16863,NY,10022,2490.0,1740.0,2160.0,1920.0,4470.0,6340.0,10810.0,19120.0,0.57,40.7571,-73.9657
25800,WA,98040,2290.0,1250.0,1150.0,910.0,2440.0,4860.0,7300.0,12900.0,0.57,47.5603,-122.2281
12878,MO,63131,1750.0,760.0,640.0,550.0,1690.0,3230.0,4920.0,8620.0,0.57,38.6171,-90.4504
17000,NY,10804,1410.0,620.0,600.0,490.0,1490.0,2570.0,4060.0,7180.0,0.57,40.9491,-73.7863
10454,MD,20815,2410.0,1400.0,1330.0,1160.0,2950.0,5280.0,8230.0,14530.0,0.57,38.978,-77.082
2312,CA,94539,4460.0,2420.0,1980.0,1650.0,4800.0,8940.0,13740.0,24250.0,0.57,37.5176,-121.9287
2275,CA,94158,570.0,620.0,550.0,430.0,1310.0,1580.0,2890.0,5060.0,0.57,37.7694,-122.3867
24746,VA,20105,2190.0,1270.0,1200.0,1190.0,4190.0,3590.0,7780.0,13630.0,0.57,38.9577,-77.6038
2304,CA,94526,2930.0,1520.0,1380.0,1230.0,3760.0,5470.0,9230.0,16290.0,0.57,37.814,-121.966
1633,CA,91436,1710.0,930.0,730.0,600.0,1650.0,3630.0,5280.0,9250.0,0.57,34.151,-118.4882
17059,NY,11030,1810.0,770.0,670.0,530.0,1430.0,3540.0,4970.0,8750.0,0.57,40.7934,-73.6888
2434,CA,95054,1730.0,1550.0,1210.0,970.0,3250.0,3800.0,7050.0,12510.0,0.56,37.3924,-121.9623
2247,CA,94087,4390.0,2820.0,2210.0,2000.0,5460.0,9120.0,14580.0,26000.0,0.56,37.3502,-122.0349
1488,CA,90266,3120.0,1600.0,1450.0,1310.0,3300.0,6250.0,9550.0,17030.0,0.56,33.8896,-118.3996
24811,VA,22124,1600.0,810.0,730.0,710.0,1910.0,2900.0,4810.0,8660.0,0.56,38.8852,-77.3233
24820,VA,22182,2490.0,1150.0,1040.0,870.0,2840.0,4280.0,7120.0,12670.0,0.56,38.928,-77.2649
25837,WA,98121,1230.0,1460.0,1420.0,1130.0,3860.0,2910.0,6770.0,12010.0,0.56,47.6151,-122.3447
2234,CA,94043,2120.0,1900.0,1610.0,1290.0,3700.0,5140.0,8840.0,15760.0,0.56,37.4056,-122.0775
16953,NY,10538,1570.0,710.0,740.0,570.0,1240.0,3340.0,4580.0,8170.0,0.56,40.9351,-73.7571
24768,VA,20148,4540.0,2410.0,2190.0,2020.0,6970.0,7250.0,14220.0,25380.0,0.56,39.0142,-77.5285
24256,TX,78732,1510.0,690.0,630.0,460.0,1660.0,2500.0,4160.0,7450.0,0.56,30.3752,-97.9007
1506,CA,90402,1060.0,510.0,430.0,370.0,860.0,2100.0,2960.0,5330.0,0.56,34.0349,-118.503
2884,CO,80007,1460.0,840.0,720.0,690.0,2650.0,1990.0,4640.0,8350.0,0.56,39.8634,-105.1724
1921,CA,92625,1090.0,630.0,600.0,480.0,1220.0,2340.0,3560.0,6360.0,0.56,33.6021,-117.8743
1196,AZ,85253,1510.0,890.0,710.0,490.0,1160.0,3500.0,4660.0,8260.0,0.56,33.5494,-111.9565
6317,IL,60045,2170.0,940.0,710.0,590.0,1670.0,3960.0,5630.0,10040.0,0.56,42.2374,-87.8482
6545,IL,60558,1390.0,530.0,470.0,400.0,1360.0,2220.0,3580.0,6370.0,0.56,41.8049,-87.8995
8286,KS,66221,2410.0,950.0,720.0,540.0,2400.0,3420.0,5820.0,10440.0,0.56,38.8636,-94.7103
6519,IL,60521,1850.0,660.0,590.0,460.0,1260.0,3290.0,4550.0,8110.0,0.56,41.8001,-87.9287
2424,CA,95032,2340.0,1350.0,1140.0,1050.0,2540.0,4730.0,7270.0,13150.0,0.55,37.2417,-121.9554
22989,TX,75078,3040.0,1560.0,1190.0,1160.0,4560.0,4090.0,8650.0,15600.0,0.55,33.2362,-96.7954
25807,WA,98053,1730.0,1120.0,930.0,750.0,2170.0,3450.0,5620.0,10150.0,0.55,47.6462,-122.0386
1566,CA,91011,1940.0,910.0,760.0,650.0,1720.0,3500.0,5220.0,9480.0,0.55,34.2217,-118.2051
2335,CA,94568,4890.0,3200.0,2680.0,2400.0,7360.0,8750.0,16110.0,29280.0,0.55,37.7166,-121.9226
24828,VA,22205,1430.0,910.0,830.0,600.0,1790.0,2770.0,4560.0,8330.0,0.55,38.8836,-77.1395
25772,WA,98004,2900.0,2180.0,1970.0,1670.0,4730.0,5840.0,10570.0,19290.0,0.55,47.6155,-122.2072
2238,CA,94062,2190.0,1520.0,1300.0,1030.0,2510.0,4830.0,7340.0,13380.0,0.55,37.4245,-122.296
8271,KS,66206,960.0,490.0,450.0,400.0,1350.0,1510.0,2860.0,5160.0,0.55,38.9667,-94.6169
24834,VA,22301,900.0,780.0,870.0,710.0,1940.0,2040.0,3980.0,7240.0,0.55,38.82,-77.0589
25818,WA,98077,1290.0,660.0,490.0,410.0,1360.0,2120.0,3480.0,6330.0,0.55,47.7529,-122.0582
2377,CA,94707,1180.0,710.0,710.0,580.0,1560.0,2260.0,3820.0,7000.0,0.55,37.8927,-122.2761
1465,CA,90094,690.0,510.0,570.0,510.0,1350.0,1390.0,2740.0,5020.0,0.55,33.9728,-118.4276
8288,KS,66224,1360.0,550.0,470.0,410.0,1440.0,1980.0,3420.0,6210.0,0.55,38.8591,-94.6314
10503,MD,21029,1340.0,540.0,410.0,350.0,1320.0,1910.0,3230.0,5870.0,0.55,39.2125,-76.9515
16857,NY,10014,2210.0,1690.0,2010.0,1980.0,4560.0,5110.0,9670.0,17560.0,0.55,40.7339,-74.0054
24268,TX,78746,2420.0,1410.0,1270.0,890.0,2280.0,5190.0,7470.0,13460.0,0.55,30.2971,-97.8181
16973,NY,10580,1810.0,720.0,640.0,510.0,1180.0,3390.0,4570.0,8250.0,0.55,40.9734,-73.6907
25813,WA,98065,1200.0,810.0,630.0,510.0,1780.0,2030.0,3810.0,6960.0,0.55,47.5293,-121.8225
17181,NY,11576,1350.0,610.0,510.0,420.0,1130.0,2370.0,3500.0,6390.0,0.55,40.7984,-73.6477
2369,CA,94618,1270.0,910.0,960.0,790.0,2030.0,2810.0,4840.0,8770.0,0.55,37.8431,-122.2402
16862,NY,10021,2930.0,2070.0,2620.0,2470.0,4800.0,7310.0,12110.0,22200.0,0.55,40.7685,-73.9588
2227,CA,94025,3350.0,2400.0,1920.0,1460.0,3560.0,7010.0,10570.0,19700.0,0.54,37.4396,-122.1864
2399,CA,94941,2820.0,1590.0,1380.0,1180.0,3000.0,5210.0,8210.0,15180.0,0.54,37.8958,-122.5339
2232,CA,94040,2650.0,2040.0,1780.0,1260.0,3610.0,5450.0,9060.0,16790.0,0.54,37.3855,-122.088
2268,CA,94127,1810.0,1120.0,1050.0,880.0,2290.0,3390.0,5680.0,10540.0,0.54,37.7354,-122.4571
13162,MO,64113,950.0,580.0,640.0,520.0,1570.0,1630.0,3200.0,5890.0,0.54,39.0123,-94.5938
25794,WA,98033,3310.0,2410.0,2150.0,1650.0,4380.0,6630.0,11010.0,20530.0,0.54,47.6786,-122.1894
24819,VA,22181,1320.0,740.0,560.0,580.0,1670.0,2070.0,3740.0,6940.0,0.54,38.8977,-77.288
1950,CA,92694,2780.0,1470.0,1260.0,1160.0,3810.0,4120.0,7930.0,14600.0,0.54,33.5472,-117.6238
11290,MI,48301,1600.0,650.0,550.0,520.0,1520.0,2340.0,3860.0,7180.0,0.54,42.5445,-83.2792
24261,TX,78737,1810.0,990.0,750.0,740.0,2660.0,2370.0,5030.0,9320.0,0.54,30.2107,-97.9427
4712,GA,30327,2240.0,1130.0,1080.0,710.0,1440.0,4590.0,6030.0,11190.0,0.54,33.8627,-84.42
16849,NY,10005,630.0,590.0,780.0,650.0,1420.0,1650.0,3070.0,5720.0,0.54,40.7056,-74.0083
16864,NY,10023,5190.0,3490.0,3430.0,3060.0,7350.0,10500.0,17850.0,33020.0,0.54,40.7764,-73.9827
6348,IL,60093,2390.0,900.0,670.0,510.0,1350.0,3860.0,5210.0,9680.0,0.54,42.1054,-87.7535
23053,TX,75205,1850.0,1160.0,1050.0,680.0,1570.0,3940.0,5510.0,10250.0,0.54,32.826,-96.7843
2356,CA,94598,2290.0,1440.0,1400.0,1160.0,3480.0,3820.0,7300.0,13590.0,0.54,37.9194,-122.0259
24757,VA,20124,1420.0,740.0,610.0,490.0,1770.0,2010.0,3780.0,7040.0,0.54,38.7818,-77.3818
2280,CA,94306,2380.0,1520.0,1340.0,990.0,2610.0,4610.0,7220.0,13450.0,0.54,37.418,-122.1274
21576,PA,19425,1650.0,670.0,600.0,530.0,1820.0,2250.0,4070.0,7520.0,0.54,40.0978,-75.6398
16885,NY,10075,1960.0,1270.0,1640.0,1520.0,3160.0,3990.0,7150.0,13540.0,0.53,40.7143,-74.006
25790,WA,98029,2270.0,1610.0,1390.0,1200.0,3440.0,3950.0,7390.0,13860.0,0.53,47.5585,-122.0055
16883,NY,10065,2020.0,1690.0,1890.0,1480.0,3240.0,4720.0,7960.0,15040.0,0.53,40.7651,-73.9638
6347,IL,60091,3000.0,1240.0,1010.0,820.0,2420.0,4540.0,6960.0,13030.0,0.53,42.0765,-87.7246
10511,MD,21042,4010.0,2070.0,1710.0,1520.0,5330.0,4980.0,10310.0,19620.0,0.53,39.2726,-76.8614
24776,VA,20169,2550.0,1280.0,1140.0,1040.0,3850.0,2820.0,6670.0,12680.0,0.53,38.8674,-77.6445
16561,NM,87122,1650.0,810.0,750.0,720.0,2350.0,2170.0,4520.0,8450.0,0.53,35.1787,-106.5102
2728,CA,95762,4460.0,2360.0,1860.0,1810.0,6100.0,5510.0,11610.0,22100.0,0.53,38.685,-121.068
3643,FL,32081,1840.0,1040.0,1080.0,1080.0,3640.0,2060.0,5700.0,10740.0,0.53,30.1204,-81.4128
2348,CA,94588,2970.0,1760.0,1530.0,1510.0,4420.0,4510.0,8930.0,16700.0,0.53,37.6873,-121.8957
1467,CA,90210,1990.0,1050.0,770.0,560.0,1360.0,3590.0,4950.0,9320.0,0.53,34.0901,-118.4065
1722,CA,92014,1410.0,760.0,750.0,590.0,1480.0,2480.0,3960.0,7470.0,0.53,32.9665,-117.249
3549,DC,20016,2420.0,1390.0,1380.0,1160.0,2880.0,4420.0,7300.0,13650.0,0.53,38.9381,-77.086
23413,TX,76226,3350.0,1600.0,1390.0,1360.0,5000.0,3650.0,8650.0,16350.0,0.53,33.1062,-97.16
11231,MI,48168,2510.0,1110.0,900.0,900.0,3000.0,3140.0,6140.0,11560.0,0.53,42.4086,-83.4978
1782,CA,92130,5470.0,2820.0,2290.0,2020.0,5390.0,8690.0,14080.0,26680.0,0.53,32.9555,-117.2252
2971,CO,80238,1670.0,1650.0,1400.0,990.0,3180.0,3140.0,6320.0,12030.0,0.53,39.7392,-104.9847
24788,VA,20194,1040.0,670.0,810.0,730.0,1950.0,1670.0,3620.0,6870.0,0.53,38.9807,-77.3419
2218,CA,94002,2320.0,1400.0,1390.0,1130.0,2930.0,4200.0,7130.0,13370.0,0.53,37.5174,-122.2927
5428,IA,50323,1360.0,730.0,730.0,650.0,2220.0,1640.0,3860.0,7330.0,0.53,41.6294,-93.7717
2220,CA,94010,3790.0,2220.0,1950.0,1730.0,3910.0,7220.0,11130.0,20820.0,0.53,37.5671,-122.3676
22952,TX,75022,2680.0,1160.0,830.0,800.0,2890.0,3340.0,6230.0,11700.0,0.53,33.0268,-97.1193
25806,WA,98052,5420.0,4450.0,3460.0,3170.0,8600.0,9940.0,18540.0,35040.0,0.53,47.6718,-122.1232
2333,CA,94566,4240.0,2330.0,1930.0,1690.0,4540.0,6400.0,10940.0,21130.0,0.52,37.6658,-121.8755
2271,CA,94131,2190.0,1820.0,1860.0,1570.0,3790.0,4400.0,8190.0,15630.0,0.52,37.745,-122.4383
16854,NY,10011,4200.0,3060.0,3290.0,2850.0,6730.0,8080.0,14810.0,28210.0,0.52,40.7402,-73.9996
16865,NY,10024,4840.0,3130.0,3130.0,2640.0,6110.0,8980.0,15090.0,28830.0,0.52,40.7864,-73.9764
16859,NY,10017,1630.0,1250.0,1390.0,1230.0,2660.0,3370.0,6030.0,11530.0,0.52,40.7517,-73.9707
21547,PA,19312,1350.0,590.0,480.0,380.0,1130.0,1890.0,3020.0,5820.0,0.52,40.0412,-75.4475
2282,CA,94402,2410.0,1600.0,1300.0,1170.0,2870.0,4280.0,7150.0,13630.0,0.52,37.5507,-122.3276
1198,AZ,85255,4030.0,2520.0,2200.0,1880.0,4920.0,6640.0,11560.0,22190.0,0.52,33.6968,-111.8892
23966,TX,78015,1790.0,1000.0,880.0,780.0,2740.0,2000.0,4740.0,9190.0,0.52,29.7327,-98.6646
11124,MI,48009,2120.0,1140.0,1060.0,880.0,2150.0,3390.0,5540.0,10740.0,0.52,42.5444,-83.2133
2233,CA,94041,1090.0,1060.0,820.0,660.0,1700.0,2310.0,4010.0,7640.0,0.52,37.3893,-122.0783
1783,CA,92131,3190.0,1900.0,1610.0,1450.0,4380.0,4440.0,8820.0,16970.0,0.52,32.9123,-117.0898
2388,CA,94904,1130.0,720.0,640.0,480.0,1120.0,2070.0,3190.0,6160.0,0.52,37.9479,-122.5363
16951,NY,10536,1120.0,520.0,480.0,350.0,990.0,1710.0,2700.0,5170.0,0.52,41.2709,-73.6841
2246,CA,94086,3730.0,3330.0,2510.0,2070.0,5960.0,6460.0,12420.0,24060.0,0.52,37.3764,-122.0238
17161,NY,11530,3100.0,1410.0,1440.0,1100.0,2980.0,4610.0,7590.0,14640.0,0.52,40.7245,-73.6487
6295,IL,60010,4790.0,2260.0,1910.0,1700.0,4930.0,6520.0,11450.0,22110.0,0.52,42.1614,-88.1383
2564,CA,95391,1530.0,1030.0,810.0,740.0,2850.0,1520.0,4370.0,8480.0,0.52,37.7695,-121.5397
1576,CA,91105,1140.0,790.0,670.0,630.0,1510.0,1980.0,3490.0,6720.0,0.52,34.1355,-118.1636
4369,FL,34134,1320.0,1080.0,800.0,640.0,1580.0,2500.0,4080.0,7920.0,0.52,26.3626,-81.8183
2467,CA,95135,1880.0,1110.0,960.0,840.0,2120.0,3020.0,5140.0,9930.0,0.52,37.2974,-121.7562
25065,VA,23120,1250.0,610.0,550.0,600.0,2070.0,1050.0,3120.0,6130.0,0.51,37.426,-77.7585
1779,CA,92127,4210.0,2330.0,1820.0,1590.0,4740.0,5740.0,10480.0,20430.0,0.51,33.0279,-117.0856
19944,OR,97034,2090.0,1140.0,980.0,840.0,2280.0,3070.0,5350.0,10400.0,0.51,45.4093,-122.6847
23700,TX,77059,1920.0,880.0,780.0,700.0,2410.0,2040.0,4450.0,8730.0,0.51,29.5975,-95.1134
11131,MI,48025,1680.0,800.0,650.0,610.0,1870.0,2060.0,3930.0,7670.0,0.51,42.5219,-83.2519
4227,FL,33629,2360.0,1510.0,1230.0,940.0,2590.0,3740.0,6330.0,12370.0,0.51,27.921,-82.5079
1450,CA,90049,3200.0,2110.0,2060.0,1560.0,3450.0,5710.0,9160.0,18090.0,0.51,34.066,-118.474
2286,CA,94502,1220.0,730.0,730.0,710.0,1820.0,1770.0,3590.0,6980.0,0.51,37.7351,-122.2431
14454,NC,27608,990.0,710.0,610.0,440.0,1190.0,1730.0,2920.0,5670.0,0.51,35.8077,-78.6463
1492,CA,90275,4010.0,2180.0,1840.0,1640.0,4700.0,5530.0,10230.0,19900.0,0.51,33.7515,-118.367
21497,PA,19096,1400.0,770.0,680.0,510.0,1420.0,2050.0,3470.0,6830.0,0.51,40.0,-75.27600000000001
23779,TX,77382,3630.0,1670.0,1440.0,1170.0,3670.0,4490.0,8160.0,16070.0,0.51,30.2106,-95.5257
1579,CA,91108,1380.0,720.0,550.0,440.0,1120.0,2080.0,3200.0,6290.0,0.51,34.1207,-118.1117
2367,CA,94611,3370.0,2500.0,2520.0,2060.0,4520.0,6170.0,10690.0,21140.0,0.51,37.8471,-122.2223
8800,KY,40059,2140.0,970.0,830.0,700.0,2230.0,2680.0,4910.0,9550.0,0.51,38.356,-85.6083
12852,MO,63105,1280.0,880.0,780.0,540.0,1290.0,2370.0,3660.0,7140.0,0.51,38.6459,-90.3264
25830,WA,98110,2370.0,1450.0,1180.0,1030.0,3010.0,3290.0,6300.0,12330.0,0.51,47.6478,-122.538
16869,NY,10028,3370.0,2420.0,3200.0,2870.0,5450.0,6730.0,12180.0,24040.0,0.51,40.7763,-73.9529
2322,CA,94552,1400.0,830.0,770.0,580.0,1850.0,1900.0,3750.0,7330.0,0.51,37.7131,-122.0381
2724,CA,95746,2290.0,1180.0,940.0,780.0,2350.0,3100.0,5450.0,10640.0,0.51,38.7435,-121.1897
19126,OH,45243,1600.0,820.0,670.0,620.0,1590.0,2230.0,3820.0,7530.0,0.51,39.1848,-84.3448
16853,NY,10010,2170.0,1910.0,2250.0,1790.0,3920.0,4170.0,8090.0,16210.0,0.5,40.7375,-73.9813
6520,IL,60523,1230.0,570.0,470.0,360.0,990.0,1690.0,2680.0,5310.0,0.5,41.8371,-87.9638
1945,CA,92679,3320.0,1660.0,1310.0,1160.0,3400.0,4110.0,7510.0,14960.0,0.5,33.6625,-117.5903
11291,MI,48302,1870.0,910.0,750.0,640.0,1570.0,2600.0,4170.0,8340.0,0.5,42.5848,-83.2821
2324,CA,94555,2860.0,1970.0,1710.0,1380.0,3510.0,4440.0,7950.0,15870.0,0.5,37.5735,-122.0469
2297,CA,94517,1280.0,690.0,630.0,560.0,1750.0,1440.0,3190.0,6350.0,0.5,37.9154,-121.91
11293,MI,48306,3240.0,1330.0,1090.0,1080.0,3750.0,2970.0,6720.0,13460.0,0.5,42.7262,-83.1566
7559,IN,46077,3450.0,1660.0,1370.0,1200.0,3620.0,3920.0,7540.0,15220.0,0.5,39.9561,-86.2767
2461,CA,95129,3580.0,2340.0,1830.0,1430.0,3770.0,5470.0,9240.0,18420.0,0.5,37.3066,-122.0002
16999,NY,10803,1330.0,660.0,570.0,460.0,1110.0,1940.0,3050.0,6070.0,0.5,40.9045,-73.8073
25774,WA,98006,3960.0,2400.0,1870.0,1440.0,4090.0,5650.0,9740.0,19410.0,0.5,47.5614,-122.1552
21548,PA,19317,1070.0,590.0,520.0,420.0,1180.0,1370.0,2550.0,5150.0,0.5,39.8648,-75.5885
11331,MI,48374,1960.0,850.0,590.0,530.0,1980.0,1920.0,3900.0,7830.0,0.5,42.4735,-83.5224
24760,VA,20132,1750.0,870.0,600.0,590.0,2160.0,1710.0,3870.0,7680.0,0.5,39.1436,-77.7342
2408,CA,94960,1450.0,870.0,730.0,580.0,1510.0,2190.0,3700.0,7330.0,0.5,37.9846,-122.5711
4044,FL,33146,1140.0,670.0,490.0,360.0,900.0,1810.0,2710.0,5370.0,0.5,25.7205,-80.2728
4046,FL,33149,1260.0,630.0,480.0,340.0,900.0,1850.0,2750.0,5460.0,0.5,25.6921,-80.1625
24770,VA,20152,3190.0,1720.0,1460.0,1310.0,4410.0,3270.0,7680.0,15360.0,0.5,38.8976,-77.5092
12182,MN,55391,1830.0,960.0,750.0,580.0,1500.0,2560.0,4060.0,8180.0,0.5,44.9847,-93.5422
2912,CO,80108,3110.0,1880.0,1380.0,1170.0,3770.0,3730.0,7500.0,15040.0,0.5,39.4455,-104.853
6311,IL,60035,3460.0,1690.0,1310.0,1110.0,3040.0,4460.0,7500.0,15070.0,0.5,42.1794,-87.8059
6603,IL,60654,1100.0,1390.0,2270.0,2040.0,3940.0,2960.0,6900.0,13700.0,0.5,41.8923,-87.6373
22428,TN,37135,1730.0,1000.0,940.0,890.0,2880.0,1460.0,4340.0,8900.0,0.49,35.9307,-86.6829
22474,TN,37215,2290.0,1640.0,1240.0,900.0,2110.0,3790.0,5900.0,11970.0,0.49,36.0986,-86.8219
23756,TX,77345,2620.0,1270.0,1190.0,1030.0,3320.0,2650.0,5970.0,12080.0,0.49,30.0336,-95.261
2898,CO,80023,2290.0,1510.0,1300.0,1030.0,3200.0,2800.0,6000.0,12130.0,0.49,39.9619,-105.0148
6564,IL,60611,2320.0,2270.0,3170.0,2420.0,4660.0,5160.0,9820.0,20000.0,0.49,41.8971,-87.6223
23315,TX,76008,1960.0,1100.0,920.0,840.0,2740.0,1970.0,4710.0,9530.0,0.49,32.7004,-97.6039
24805,VA,22046,1620.0,1070.0,930.0,780.0,1920.0,2270.0,4190.0,8590.0,0.49,38.8856,-77.1802
22367,TN,37027,6100.0,3280.0,2630.0,2160.0,6040.0,7740.0,13780.0,27950.0,0.49,36.0063,-86.7909
6550,IL,60564,4980.0,2080.0,1800.0,1590.0,5260.0,4920.0,10180.0,20630.0,0.49,41.70399999999999,-88.1952
2456,CA,95124,4270.0,3170.0,2400.0,1830.0,4680.0,6440.0,11120.0,22790.0,0.49,37.2563,-121.9229
7528,IN,46033,4140.0,2010.0,1610.0,1550.0,4970.0,3920.0,8890.0,18200.0,0.49,39.9744,-86.0829
25821,WA,98101,1120.0,1470.0,1250.0,950.0,2610.0,2050.0,4660.0,9450.0,0.49,47.6114,-122.3305
25829,WA,98109,2040.0,2910.0,2860.0,2340.0,5770.0,3950.0,9720.0,19870.0,0.49,47.6339,-122.3476
25855,WA,98199,1780.0,1610.0,1470.0,1080.0,2520.0,3230.0,5750.0,11690.0,0.49,47.6488,-122.3964
4355,FL,34102,1160.0,770.0,500.0,300.0,740.0,1890.0,2630.0,5360.0,0.49,26.134,-81.7953
8570,KS,67230,1280.0,580.0,550.0,520.0,1550.0,1220.0,2770.0,5700.0,0.49,37.6808,-97.1558
16967,NY,10570,1340.0,650.0,630.0,490.0,1190.0,1760.0,2950.0,6060.0,0.49,41.135,-73.7845
17232,NY,11753,1390.0,750.0,580.0,480.0,1290.0,1820.0,3110.0,6310.0,0.49,40.7881,-73.5331
19394,OK,73025,1550.0,670.0,500.0,570.0,1830.0,1280.0,3110.0,6400.0,0.49,35.722,-97.5133
10552,MD,21146,2890.0,1510.0,1260.0,1160.0,3750.0,2820.0,6570.0,13390.0,0.49,39.0811,-76.5577
17188,NY,11598,1320.0,670.0,540.0,430.0,1160.0,1740.0,2900.0,5860.0,0.49,40.6326,-73.7141
12231,MN,55446,2370.0,1650.0,1440.0,1110.0,3130.0,3170.0,6300.0,12870.0,0.49,45.04,-93.4865
16847,NY,10003,4060.0,3200.0,3580.0,3050.0,6340.0,6930.0,13270.0,27160.0,0.49,40.7313,-73.9892
6426,IL,60305,1160.0,640.0,520.0,370.0,920.0,1640.0,2560.0,5250.0,0.49,41.8951,-87.8159
18390,OH,43021,1440.0,660.0,650.0,670.0,1990.0,1320.0,3310.0,6730.0,0.49,40.2011,-82.8749
17070,NY,11201,5390.0,4050.0,4030.0,3500.0,8020.0,8550.0,16570.0,33540.0,0.49,40.694,-73.9903
14403,NC,27519,5520.0,3020.0,2710.0,2630.0,7640.0,5960.0,13600.0,27480.0,0.49,35.8072,-78.887
24240,TX,78703,1860.0,1520.0,1370.0,980.0,2160.0,3340.0,5500.0,11230.0,0.49,30.2907,-97.7648
24238,TX,78701,1030.0,740.0,730.0,700.0,1490.0,1640.0,3130.0,6330.0,0.49,30.2713,-97.7426
11187,MI,48098,2170.0,1080.0,940.0,830.0,2780.0,2040.0,4820.0,9840.0,0.49,42.5991,-83.1789
3561,DE,19707,1670.0,960.0,870.0,790.0,2390.0,1740.0,4130.0,8420.0,0.49,39.776,-75.6889
4373,FL,34145,1490.0,1130.0,840.0,710.0,1850.0,2090.0,3940.0,8110.0,0.49,25.9388,-81.6968
6299,IL,60015,3210.0,1530.0,1270.0,980.0,2800.0,3810.0,6610.0,13600.0,0.49,42.1705,-87.859
9,AK,99516,2300.0,1050.0,890.0,830.0,2710.0,2180.0,4890.0,9960.0,0.49,61.1054,-149.78
6306,IL,60026,1610.0,730.0,620.0,520.0,1450.0,1890.0,3340.0,6820.0,0.49,42.0698,-87.7878
21493,PA,19087,3220.0,1820.0,1630.0,1300.0,3280.0,4530.0,7810.0,15780.0,0.49,40.0612,-75.3999
2262,CA,94117,2760.0,2710.0,2920.0,2500.0,5620.0,4900.0,10520.0,21410.0,0.49,37.7712,-122.4413
6320,IL,60048,3430.0,1540.0,1290.0,1060.0,3280.0,3860.0,7140.0,14460.0,0.49,42.281000000000006,-87.95
17261,NY,11791,2750.0,1370.0,1170.0,950.0,2640.0,3360.0,6000.0,12240.0,0.49,40.8146,-73.5024
23778,TX,77381,3490.0,1900.0,1580.0,1320.0,3740.0,3770.0,7510.0,15800.0,0.48,30.1716,-95.4985
25831,WA,98112,1990.0,1850.0,1600.0,1080.0,2380.0,3650.0,6030.0,12550.0,0.48,47.6301,-122.2972
2409,CA,94965,1210.0,770.0,670.0,570.0,1430.0,1540.0,2970.0,6190.0,0.48,37.8601,-122.4946
23735,TX,77094,1120.0,730.0,510.0,350.0,1110.0,1370.0,2480.0,5190.0,0.48,29.7705,-95.7107
21440,PA,19010,2060.0,1100.0,840.0,690.0,1580.0,2710.0,4290.0,8980.0,0.48,40.0236,-75.3295
2204,CA,93908,1220.0,790.0,650.0,510.0,1510.0,1400.0,2910.0,6080.0,0.48,36.6011,-121.6729
2433,CA,95051,5010.0,4270.0,3430.0,2670.0,7020.0,7300.0,14320.0,29700.0,0.48,37.3483,-121.9844
1498,CA,90292,2400.0,1840.0,1830.0,1570.0,3800.0,3120.0,6920.0,14560.0,0.48,33.9779,-118.4525
17163,NY,11545,1360.0,680.0,590.0,490.0,1150.0,1750.0,2900.0,6020.0,0.48,40.8281,-73.6076
11292,MI,48304,1930.0,940.0,830.0,730.0,1920.0,2210.0,4130.0,8560.0,0.48,42.587,-83.2359
18813,OH,44236,3030.0,1280.0,1280.0,1130.0,3390.0,2710.0,6100.0,12820.0,0.48,41.2458,-81.4367
1911,CA,92603,1870.0,1060.0,880.0,820.0,1920.0,2440.0,4360.0,8990.0,0.48,33.6245,-117.794
18705,OH,44022,2060.0,970.0,830.0,760.0,1860.0,2380.0,4240.0,8860.0,0.48,41.4494,-81.4314
24818,VA,22180,2470.0,1570.0,1400.0,1130.0,2870.0,3090.0,5960.0,12530.0,0.48,38.8935,-77.2532
1936,CA,92660,3750.0,2190.0,1900.0,1500.0,3350.0,5140.0,8490.0,17830.0,0.48,33.6295,-117.8684
12130,MN,55331,2310.0,1180.0,950.0,770.0,2120.0,2630.0,4750.0,9960.0,0.48,44.9007,-93.5791
23666,TX,77024,3860.0,2460.0,2000.0,1350.0,2680.0,6250.0,8930.0,18600.0,0.48,29.7696,-95.5201
24846,VA,22314,2600.0,2600.0,2850.0,2570.0,5660.0,4220.0,9880.0,20500.0,0.48,38.806,-77.0529
10485,MD,20895,2090.0,1170.0,950.0,760.0,2330.0,2290.0,4620.0,9590.0,0.48,39.0298,-77.0793
1483,CA,90254,1820.0,1310.0,1180.0,1240.0,2510.0,2640.0,5150.0,10700.0,0.48,33.8643,-118.3955
2199,CA,93730,1210.0,640.0,580.0,590.0,1400.0,1360.0,2760.0,5780.0,0.48,36.8878,-119.7589
16886,NY,10128,4900.0,3690.0,4290.0,3380.0,6760.0,8340.0,15100.0,31360.0,0.48,40.7816,-73.9511
4157,FL,33477,1270.0,850.0,750.0,680.0,1480.0,1850.0,3330.0,6880.0,0.48,26.9217,-80.077
16774,NV,89138,1940.0,1160.0,1010.0,890.0,2440.0,2210.0,4650.0,9650.0,0.48,36.1666,-115.3613
6403,IL,60175,2900.0,1270.0,1050.0,960.0,3030.0,2670.0,5700.0,11880.0,0.48,41.9478,-88.3918
22959,TX,75035,7790.0,4100.0,3490.0,3070.0,9900.0,6230.0,16130.0,34580.0,0.47,33.1377,-96.7524
8274,KS,66209,1910.0,1350.0,1090.0,890.0,2380.0,2330.0,4710.0,9950.0,0.47,38.9667,-94.6169
18209,NY,14534,3610.0,1900.0,1710.0,1480.0,4240.0,3430.0,7670.0,16370.0,0.47,43.0695,-77.5141
24798,VA,22032,3240.0,1750.0,1340.0,1150.0,3980.0,2610.0,6590.0,14070.0,0.47,38.8177,-77.2925
12196,MN,55410,1930.0,1430.0,1290.0,930.0,2380.0,2520.0,4900.0,10480.0,0.47,44.9124,-93.3188
23818,TX,77479,8980.0,4640.0,4020.0,3210.0,9410.0,9220.0,18630.0,39480.0,0.47,29.5785,-95.6066
16995,NY,10708,2130.0,1260.0,1500.0,1230.0,2570.0,2780.0,5350.0,11470.0,0.47,40.9391,-73.8353
23425,TX,76248,4280.0,2240.0,1750.0,1470.0,4760.0,3860.0,8620.0,18360.0,0.47,32.9276,-97.2489
24840,VA,22307,920.0,690.0,700.0,560.0,1310.0,1200.0,2510.0,5380.0,0.47,38.7714,-77.0657
1941,CA,92673,3160.0,1890.0,1170.0,980.0,3040.0,3450.0,6490.0,13690.0,0.47,33.4615,-117.6375
11719,MI,49301,2430.0,1020.0,840.0,820.0,2270.0,2210.0,4480.0,9590.0,0.47,42.9566,-85.48100000000001
21418,PA,18940,3530.0,1830.0,1720.0,1380.0,3630.0,3760.0,7390.0,15850.0,0.47,40.263000000000005,-74.9555
24778,VA,20171,4530.0,3080.0,2740.0,2530.0,6510.0,5060.0,11570.0,24450.0,0.47,38.9252,-77.3928
2245,CA,94085,1840.0,2010.0,1440.0,1150.0,2900.0,2910.0,5810.0,12250.0,0.47,37.3886,-122.0177
1719,CA,92009,4670.0,2680.0,2060.0,1800.0,4940.0,5010.0,9950.0,21160.0,0.47,33.0954,-117.2619
12805,MO,63017,4130.0,2590.0,2240.0,2090.0,5450.0,4180.0,9630.0,20680.0,0.47,38.6491,-90.5358
12100,MN,55129,2990.0,1680.0,1440.0,1300.0,3770.0,2760.0,6530.0,13940.0,0.47,44.8985,-92.923
21436,PA,19004,1120.0,670.0,580.0,460.0,1150.0,1370.0,2520.0,5350.0,0.47,40.0118,-75.2342
17220,NY,11733,1990.0,1110.0,880.0,720.0,2110.0,2040.0,4150.0,8850.0,0.47,40.9426,-73.1116
1617,CA,91361,2300.0,1340.0,1020.0,850.0,2110.0,2700.0,4810.0,10320.0,0.47,34.1472,-118.8383
10694,MD,21774,1430.0,820.0,790.0,790.0,2420.0,980.0,3400.0,7230.0,0.47,39.4096,-77.2759
25851,WA,98177,1980.0,1480.0,1170.0,950.0,2550.0,2440.0,4990.0,10570.0,0.47,47.7467,-122.3686
4356,FL,34103,1320.0,960.0,610.0,480.0,1040.0,1940.0,2980.0,6350.0,0.47,26.1917,-81.8039
23650,TX,77008,2960.0,2870.0,2720.0,1760.0,4530.0,4700.0,9230.0,19540.0,0.47,29.7991,-95.4118
3018,CO,80516,3050.0,1940.0,1700.0,1550.0,4760.0,2530.0,7290.0,15530.0,0.47,40.0597,-105.0686
20389,PA,15241,2520.0,1190.0,1000.0,950.0,2690.0,2310.0,5000.0,10660.0,0.47,40.3323,-80.081
4359,FL,34108,1890.0,1390.0,900.0,700.0,1540.0,2800.0,4340.0,9220.0,0.47,26.2416,-81.8071
2926,CO,80125,1140.0,760.0,720.0,700.0,1890.0,1060.0,2950.0,6270.0,0.47,39.4845,-105.0561
2206,CA,93923,1100.0,650.0,570.0,480.0,1200.0,1320.0,2520.0,5320.0,0.47,36.5457,-121.8949
20324,PA,15090,2750.0,1410.0,1180.0,1020.0,2900.0,2740.0,5640.0,12000.0,0.47,40.612,-80.0649
2320,CA,94550,4740.0,3250.0,2550.0,2170.0,6110.0,5190.0,11300.0,24010.0,0.47,37.683,-121.763
25773,WA,98005,1830.0,1400.0,1160.0,1060.0,2400.0,2420.0,4820.0,10270.0,0.47,47.615,-122.1663
1202,AZ,85259,2320.0,1550.0,1200.0,870.0,2320.0,2890.0,5210.0,11150.0,0.47,33.5879,-111.8404
21474,PA,19060,1350.0,670.0,560.0,470.0,1440.0,1250.0,2690.0,5740.0,0.47,39.852,-75.5007
2260,CA,94115,2950.0,2440.0,2390.0,2060.0,4540.0,4280.0,8820.0,18660.0,0.47,37.7856,-122.4358
10453,MD,20814,2710.0,2000.0,2040.0,1530.0,3390.0,4100.0,7490.0,15770.0,0.47,39.0003,-77.1022
6319,IL,60047,4990.0,2470.0,1900.0,1620.0,4830.0,4830.0,9660.0,20640.0,0.47,42.2165,-88.0769
25783,WA,98021,2840.0,2240.0,1740.0,1410.0,3920.0,3280.0,7200.0,15430.0,0.47,47.7918,-122.2243
6327,IL,60062,5010.0,2580.0,2170.0,1810.0,4750.0,5430.0,10180.0,21750.0,0.47,42.1254,-87.8465
17269,NY,11803,3160.0,1760.0,1650.0,1290.0,3750.0,3250.0,7000.0,14860.0,0.47,40.7781,-73.4816
21559,PA,19350,1130.0,650.0,490.0,460.0,1330.0,1100.0,2430.0,5160.0,0.47,39.7696,-75.7807
25781,WA,98019,1130.0,770.0,620.0,500.0,1510.0,1210.0,2720.0,5740.0,0.47,47.725,-121.9369
22398,TN,37069,2290.0,1070.0,930.0,820.0,2280.0,2170.0,4450.0,9560.0,0.47,35.9796,-86.9106
1733,CA,92037,3900.0,2620.0,2040.0,1580.0,3740.0,5300.0,9040.0,19180.0,0.47,32.8455,-117.2521
1591,CA,91302,2910.0,1500.0,1140.0,910.0,2290.0,3440.0,5730.0,12190.0,0.47,34.1419,-118.6641
150,AL,35213,1400.0,980.0,850.0,530.0,1240.0,2080.0,3320.0,7080.0,0.47,33.5066,-86.7428
3644,FL,32082,3420.0,2160.0,1770.0,1300.0,3150.0,4220.0,7370.0,16020.0,0.46,30.1223,-81.3627
25060,VA,23113,2750.0,1830.0,1360.0,1090.0,3040.0,3050.0,6090.0,13120.0,0.46,37.5109,-77.6429
20029,OR,97229,6830.0,4790.0,3530.0,2700.0,7580.0,7510.0,15090.0,32940.0,0.46,45.5483,-122.8276
25788,WA,98027,2700.0,2190.0,1870.0,1460.0,3650.0,3390.0,7040.0,15260.0,0.46,47.4974,-122.0107
6551,IL,60565,4560.0,2310.0,1910.0,1610.0,5130.0,3640.0,8770.0,19160.0,0.46,41.7328,-88.1282
25815,WA,98072,2440.0,1840.0,1460.0,1160.0,2870.0,3060.0,5930.0,12830.0,0.46,47.7684,-122.1271
17182,NY,11577,1350.0,730.0,630.0,530.0,1170.0,1590.0,2760.0,6000.0,0.46,40.7845,-73.6403
24810,VA,22102,2260.0,1630.0,1870.0,1740.0,3190.0,3240.0,6430.0,13930.0,0.46,38.953,-77.2295
21561,PA,19355,3140.0,1700.0,1550.0,1340.0,3090.0,3450.0,6540.0,14270.0,0.46,40.0468,-75.531
3542,DC,20007,1990.0,1670.0,1620.0,1180.0,2210.0,3250.0,5460.0,11920.0,0.46,38.9144,-77.074
10483,MD,20882,1610.0,950.0,680.0,520.0,1780.0,1400.0,3180.0,6940.0,0.46,39.2335,-77.1458
2932,CO,80132,2950.0,1640.0,1270.0,1230.0,3930.0,2120.0,6050.0,13140.0,0.46,39.1007,-104.8542
16855,NY,10012,1990.0,1400.0,1620.0,1320.0,2690.0,2800.0,5490.0,11820.0,0.46,40.7255,-73.9983
2991,CO,80439,2470.0,1480.0,1210.0,1040.0,2890.0,2480.0,5370.0,11570.0,0.46,39.6374,-105.3402
4573,GA,30068,3560.0,2030.0,1560.0,1350.0,3660.0,3510.0,7170.0,15670.0,0.46,33.9679,-84.4385
2927,CO,80126,4680.0,2690.0,2210.0,1920.0,5560.0,4090.0,9650.0,21150.0,0.46,39.5437,-104.9691
25908,WA,98296,2610.0,1820.0,1350.0,1170.0,3600.0,2260.0,5860.0,12810.0,0.46,47.8579,-122.092
4575,GA,30075,6080.0,3390.0,2570.0,2110.0,6300.0,5690.0,11990.0,26140.0,0.46,34.0408,-84.3859
24847,VA,22315,2410.0,1870.0,1670.0,1750.0,4530.0,1990.0,6520.0,14220.0,0.46,38.7596,-77.1485
16600,NM,87544,1260.0,820.0,800.0,740.0,2150.0,980.0,3130.0,6750.0,0.46,35.8663,-106.2676
24080,TX,78255,1760.0,1000.0,780.0,650.0,2060.0,1540.0,3600.0,7790.0,0.46,29.6701,-98.6873
24785,VA,20187,1940.0,1060.0,870.0,790.0,2700.0,1290.0,3990.0,8650.0,0.46,38.7153,-77.7417
1931,CA,92651,2790.0,1590.0,1220.0,960.0,2320.0,3240.0,5560.0,12120.0,0.46,33.5429,-117.7813
6529,IL,60540,4850.0,2520.0,2030.0,1780.0,5150.0,4320.0,9470.0,20650.0,0.46,41.7662,-88.141
12146,MN,55347,3410.0,2000.0,1690.0,1390.0,3780.0,3430.0,7210.0,15700.0,0.46,44.8342,-93.4389
2469,CA,95138,1910.0,1300.0,960.0,710.0,1670.0,2570.0,4240.0,9120.0,0.46,37.2602,-121.7709
4020,FL,33076,4220.0,2220.0,1690.0,1430.0,4100.0,4120.0,8220.0,17780.0,0.46,26.3168,-80.2753
21405,PA,18902,2710.0,1280.0,980.0,870.0,2380.0,2560.0,4940.0,10780.0,0.46,40.3477,-75.0968
25834,WA,98117,2900.0,2920.0,2390.0,1860.0,4580.0,4070.0,8650.0,18720.0,0.46,47.6873,-122.3772
17244,NY,11768,2570.0,1250.0,1220.0,990.0,2640.0,2500.0,5140.0,11170.0,0.46,40.9051,-73.3309
21583,PA,19444,1230.0,680.0,620.0,530.0,1380.0,1190.0,2570.0,5630.0,0.46,40.0896,-75.2601
23827,TX,77494,11890.0,6510.0,5000.0,3880.0,13060.0,10170.0,23230.0,50510.0,0.46,29.7404,-95.8304
22465,TN,37205,2570.0,1780.0,1460.0,1010.0,2280.0,3490.0,5770.0,12590.0,0.46,36.1114,-86.869
16858,NY,10016,4320.0,3950.0,4830.0,3860.0,7450.0,7040.0,14490.0,31450.0,0.46,40.7443,-73.9781
21482,PA,19073,2280.0,1410.0,1260.0,980.0,2500.0,2620.0,5120.0,11050.0,0.46,39.9863,-75.407
22948,TX,75013,4880.0,2890.0,2200.0,1720.0,5090.0,4820.0,9910.0,21600.0,0.46,33.1186,-96.6773
2375,CA,94705,1380.0,1050.0,850.0,670.0,1470.0,1890.0,3360.0,7310.0,0.46,37.8571,-122.25
1721,CA,92011,2640.0,1590.0,1230.0,1020.0,2720.0,2480.0,5200.0,11680.0,0.45,33.1072,-117.2943
2457,CA,95125,4870.0,4000.0,3060.0,2300.0,4990.0,6740.0,11730.0,25960.0,0.45,37.296,-121.8939
24073,TX,78248,1490.0,1000.0,730.0,600.0,1770.0,1400.0,3170.0,6990.0,0.45,29.5894,-98.5201
14601,NC,28036,2070.0,1220.0,940.0,770.0,2090.0,1980.0,4070.0,9070.0,0.45,35.4858,-80.794
6374,IL,60134,3510.0,1790.0,1540.0,1290.0,3970.0,2690.0,6660.0,14790.0,0.45,41.886,-88.311
20023,OR,97221,1330.0,970.0,620.0,510.0,1320.0,1490.0,2810.0,6240.0,0.45,45.4918,-122.7267
25031,VA,23059,3910.0,2440.0,1920.0,1680.0,4500.0,3520.0,8020.0,17970.0,0.45,37.7284,-77.5544
8289,KS,66226,1520.0,720.0,680.0,650.0,2100.0,840.0,2940.0,6510.0,0.45,39.0417,-94.7202
24255,TX,78731,2630.0,2380.0,1550.0,1100.0,2560.0,3670.0,6230.0,13890.0,0.45,30.3471,-97.7609
1487,CA,90265,1550.0,830.0,600.0,460.0,1140.0,1680.0,2820.0,6260.0,0.45,34.0402,-118.7351
20633,PA,16046,2120.0,1180.0,960.0,820.0,2190.0,1890.0,4080.0,9160.0,0.45,40.7005,-80.0358
24779,VA,20175,3300.0,2120.0,1730.0,1350.0,3610.0,3210.0,6820.0,15320.0,0.45,39.042,-77.6054
25926,WA,98332,1680.0,1230.0,1040.0,910.0,2450.0,1520.0,3970.0,8830.0,0.45,47.3607,-122.6001
